{ "available" : false, "location" : [ 37.622972, 55.772879 ] },
{ "available" : true, "location" : [ 37.60258, 55.762149 ] },
{ "available" : true, "location" : [ 37.60861, 55.76192 ] },
{ "available" : true, "location" : [ 37.607601, 55.752647 ] }
